{"stats":{"minecraft:picked_up":{"minecraft:dark_oak_sapling":2,"minecraft:stone":57,"minecraft:anvil":1,"minecraft:torch":2,"minecraft:porkchop":6,"minecraft:dark_oak_log":54,"minecraft:dirt":224,"minecraft:raw_copper":17,"minecraft:dark_oak_planks":14,"minecraft:apple":2,"minecraft:granite":62,"minecraft:mutton":4,"minecraft:coal":5,"minecraft:white_wool":2,"minecraft:cobblestone":163},"minecraft:mined":{"minecraft:dark_oak_planks":2,"minecraft:dark_oak_leaves":31,"minecraft:dark_oak_log":30,"minecraft:granite":62,"minecraft:grass":9,"minecraft:grass_block":4,"minecraft:coal_ore":5,"minecraft:dirt":221,"minecraft:copper_ore":4,"minecraft:stone":220,"minecraft:wall_torch":1},"minecraft:dropped":{"minecraft:anvil":1},"minecraft:killed":{"minecraft:sheep":2,"minecraft:zombie":1,"minecraft:pig":2},"minecraft:broken":{"minecraft:stone_pickaxe":1,"minecraft:stone_shovel":1},"minecraft:crafted":{"minecraft:wooden_sword":1,"minecraft:stone_shovel":2,"minecraft:cooked_porkchop":6,"minecraft:crafting_table":2,"minecraft:stick":36,"minecraft:wooden_pickaxe":1,"minecraft:stone_pickaxe":2,"minecraft:chest":2,"minecraft:furnace":1,"minecraft:polished_granite":28,"minecraft:dark_oak_planks":112,"minecraft:torch":4,"minecraft:cooked_mutton":4,"minecraft:air":0},"minecraft:killed_by":{"minecraft:skeleton":2,"minecraft:zombie":1},"minecraft:used":{"minecraft:cooked_mutton":3,"minecraft:dark_oak_planks":2,"minecraft:apple":1,"minecraft:dark_oak_log":2,"minecraft:stone_pickaxe":191,"minecraft:stone_shovel":149,"minecraft:chest":2,"minecraft:wooden_pickaxe":43,"minecraft:polished_granite":114,"minecraft:wooden_sword":10,"minecraft:torch":6,"minecraft:cobblestone":57,"minecraft:anvil":5,"minecraft:dirt":3,"minecraft:crafting_table":2,"minecraft:furnace":1,"minecraft:netherite_pickaxe":57,"minecraft:granite":2},"minecraft:custom":{"minecraft:time_since_rest":34725,"minecraft:interact_with_furnace":9,"minecraft:sprint_one_cm":62802,"minecraft:damage_taken":950,"minecraft:walk_one_cm":117843,"minecraft:mob_kills":5,"minecraft:interact_with_anvil":1,"minecraft:drop":1,"minecraft:damage_dealt":627,"minecraft:interact_with_crafting_table":18,"minecraft:fly_one_cm":43122,"minecraft:open_chest":8,"minecraft:crouch_one_cm":21294,"minecraft:play_time":44450,"minecraft:deaths":3,"minecraft:sneak_time":7865,"minecraft:walk_under_water_one_cm":486,"minecraft:jump":296,"minecraft:leave_game":7,"minecraft:time_since_death":34697,"minecraft:walk_on_water_one_cm":1087,"minecraft:total_world_time":44450,"minecraft:fall_one_cm":8288}},"DataVersion":2975}